{
  "n_events": 99915,
  "n_simulations": 50000,
  "n_bootstrap": 10000,
  "m0_values": [
    1.02,
    3.1,
    9.46,
    10.02,
    91.2
  ],
  "kde_bandwidth": 0.5,
  "main_results": {
    "1.02": {
      "resonance": "phi(1020)",
      "best_delta": 9.5,
      "hits": 19869,
      "p_corr": 1.066591871022448e-54,
      "empirical_p": 0.0,
      "hits_median": 19868.0,
      "hits_16": 19743.0,
      "hits_84": 19993.0
    },
    "3.1": {
      "resonance": "J/psi",
      "best_delta": 0.44,
      "hits": 3256,
      "p_corr": 1.0249758059383393e-121,
      "empirical_p": 0.0,
      "hits_median": 3256.0,
      "hits_16": 3201.0,
      "hits_84": 3311.0
    },
    "9.46": {
      "resonance": "Y(1S)",
      "best_delta": 0.78,
      "hits": 4186,
      "p_corr": 3.0057226369543243e-201,
      "empirical_p": 0.0,
      "hits_median": 4186.0,
      "hits_16": 4123.0,
      "hits_84": 4249.0
    },
    "10.02": {
      "resonance": "Y(2S)",
      "best_delta": 0.84,
      "hits": 4625,
      "p_corr": 5.157287148457706e-188,
      "empirical_p": 0.0,
      "hits_median": 4626.0,
      "hits_16": 4560.0,
      "hits_84": 4691.0
    },
    "91.2": {
      "resonance": "Z-Boson",
      "best_delta": 0.04,
      "hits": 52,
      "p_corr": 0.0,
      "empirical_p": 0.0,
      "hits_median": 52.0,
      "hits_16": 45.0,
      "hits_84": 59.0
    }
  },
  "systematik": {
    "0.3": {
      "1.02": 0.0,
      "3.1": 0.0,
      "9.46": 0.0,
      "10.02": 0.0,
      "91.2": 0.0
    },
    "0.5": {
      "1.02": 0.0,
      "3.1": 0.0,
      "9.46": 0.0,
      "10.02": 0.0,
      "91.2": 0.0
    },
    "0.7": {
      "1.02": 0.0,
      "3.1": 0.0,
      "9.46": 0.0,
      "10.02": 0.0,
      "91.2": 0.0
    }
  },
  "seed_variation": {
    "1.02": {
      "mean": 0.0,
      "std": 0.0,
      "max": 0.0
    },
    "3.1": {
      "mean": 0.0,
      "std": 0.0,
      "max": 0.0
    },
    "9.46": {
      "mean": 0.0,
      "std": 0.0,
      "max": 0.0
    },
    "10.02": {
      "mean": 0.0,
      "std": 0.0,
      "max": 0.0
    },
    "91.2": {
      "mean": 0.0,
      "std": 0.0,
      "max": 0.0
    }
  }
}