M0_GeV,Resonance,Delta_opt_GeV,Hits,p_corr,empirical_p,N_sim,KDE_bw
1.02,phi(1020),9.5,19869,1.066591871022448e-54,0.0,50000,0.5
3.1,J/psi,0.44,3256,1.0249758059383393e-121,0.0,50000,0.5
9.46,Y(1S),0.78,4186,3.0057226369543243e-201,0.0,50000,0.5
10.02,Y(2S),0.84,4625,5.157287148457706e-188,0.0,50000,0.5
91.2,Z-Boson,0.04,52,0.0,0.0,50000,0.5
